Posicion actual;Equipo;Puntos;PJ;GF;GC;Diferencia de Goles
1;América de Cali;24;11;22;6;16
2;Deportivo Cali;24;12;20;9;11
3;Atlético Nacional;22;10;21;10;11
4;Millonarios;21;13;18;11;7
5;Atlético Bucaramanga;20;10;17;9;8
6;Independiente Medellín;20;11;19;15;4
7;Santa Fe;19;11;18;12;6
8;Deportes Tolima;19;12;15;13;2
9;Llaneros;14;11;14;14;0
10;Águilas Doradas;14;11;14;15;-1
11;Once Caldas;12;11;14;15;-1
12;Internacional de Bogotá;12;12;13;17;-4
13;Cúcuta Deportivo;12;11;11;19;-8
14;Boyacá Chicó;12;11;10;18;-8
15;Alianza Valledupar;11;12;12;24;-12
16;Fortaleza;10;12;13;18;-5
17;Junior;9;10;15;17;-2
18;Deportivo Pasto;9;12;9;18;-9
19;Deportivo Pereira;8;10;7;13;-6
20;Jaguares;7;11;11;20;-9
